{"p0": {"2": 1.21875, "3": 1.2974137931034482, "4": 1.2854671280276817, "5": 1.2862903225806452, "6": 1.2878228782287824, "7": 1.2950191570881227, "8": 1.3225255972696246, "9": 1.3229166666666667, "10": 1.3045602605863191, "11": 1.3554817275747508, "12": 1.37984496124031, "13": 1.3763250883392226, "14": 1.583617747440273, "15": 1.6458333333333333, "16": 1.5799180327868851, "17": 1.6944444444444444, "18": 1.6433691756272402, "19": 1.6647058823529413, "20": 1.6708185053380782, "21": 1.6254612546125462, "22": 1.5905511811023623, "23": 1.6221374045801527, "24": 1.6487603305785123, "25": 1.4948805460750854, "26": 1.5179738562091503, "27": 1.5740072202166064, "28": 1.5042194092827004, "29": 1.510948905109489, "30": 1.5075757575757576, "31": 1.4908424908424909, "32": 1.4978354978354977, "33": 1.5791666666666666, "34": 1.482905982905983, "35": 1.56875, "36": 1.5331858407079646, "37": 1.6324786324786325, "38": 1.5046296296296295, "39": 1.5452488687782806, "40": 1.61003861003861, "41": 1.6173285198555956, "42": 1.565126050420168, "43": 1.486, "44": 1.566390041493776, "45": 1.5591603053435115, "46": 1.5752032520325203, "47": 1.541501976284585, "48": 1.5150375939849625, "49": 1.5510638297872341, "50": 1.4388646288209608, "51": 1.6017316017316017, "52": 1.5845410628019323, "53": 1.5674418604651164, "54": 1.5537190082644627, "55": 1.5907079646017699, "56": 1.551383399209486, "57": 1.4976958525345623, "58": 1.609704641350211, "59": 1.5523012552301256, "60": 1.601010101010101, "61": 1.4698275862068966, "62": 1.5136986301369864, "63": 1.4526315789473685, "64": 1.562240663900415, "65": 1.4866920152091254, "66": 1.53551912568306, "67": 1.4976635514018692, "68": 1.542654028436019, "69": 1.5654008438818565, "70": 1.4978448275862069, "71": 1.56651376146789, "72": 1.4866071428571428, "73": 1.4602510460251046, "74": 1.55, "75": 1.5751173708920188, "76": 1.5377777777777777, "77": 1.5503731343283582, "78": 1.490272373540856, "79": 1.4372294372294372, "80": 1.580708661417323, "81": 1.5269709543568464, "82": 1.5148936170212766, "83": 1.5059760956175299, "84": 1.5711538461538461, "85": 1.5570175438596492, "86": 1.5959183673469388, "87": 1.5352422907488987, "88": 1.4854166666666666, "89": 1.5565610859728507, "90": 1.5731132075471699, "91": 1.7170731707317073, "92": 1.6638418079096045, "93": 1.5376712328767124, "94": 1.7419354838709677, "95": 1.6344086021505377}, "p1": {"6": 6.037974683544304, "7": 5.730769230769231, "8": 5.869109947643979, "9": 5.638297872340425, "10": 5.785714285714286, "11": 5.696120689655173, "12": 5.658914728682171, "13": 5.524539877300613, "14": 6.102941176470588, "15": 6.248239436619718, "16": 6.761363636363637, "17": 6.86875, "18": 7.308252427184466, "19": 7.385658914728682, "20": 7.724852071005917, "21": 8.431034482758621, "22": 8.790575916230367, "23": 9.20053475935829, "24": 8.120192307692308, "25": 8.861809045226131, "26": 8.64218009478673, "27": 7.914351851851852, "28": 7.771428571428571, "29": 7.916, "30": 7.809417040358745, "31": 7.223404255319149, "32": 7.800469483568075, "33": 7.908227848101266, "34": 8.153439153439153, "35": 8.616666666666667, "36": 9.128571428571428, "37": 8.25, "38": 8.839622641509434, "39": 9.219135802469136, "40": 8.903614457831326, "41": 7.899408284023669, "42": 8.434554973821989, "43": 8.075376884422111, "44": 8.314024390243903, "45": 8.230392156862745, "46": 8.302139037433156, "47": 8.715384615384615, "48": 8.363636363636363, "49": 8.452020202020202, "50": 8.566298342541437, "51": 8.373711340206185, "52": 8.445876288659793, "53": 8.181547619047619, "54": 8.227272727272727, "55": 8.86046511627907, "56": 8.723926380368098, "57": 8.302083333333334, "58": 9.025714285714285, "59": 8.538461538461538, "60": 8.590116279069768, "61": 8.164596273291925, "62": 8.741666666666667, "63": 8.360655737704919, "64": 8.18208092485549, "65": 8.031609195402298, "66": 8.398026315789474, "67": 7.38563829787234, "68": 8.42283950617284, "69": 8.110429447852761, "70": 8.46979865771812, "71": 7.7441176470588236, "72": 8.662162162162161, "73": 7.8496932515337425, "74": 8.348684210526315, "75": 8.536057692307692, "76": 7.928571428571429, "77": 7.962962962962963, "78": 8.06953642384106, "79": 8.398395721925134, "80": 7.807106598984771, "81": 8.042079207920793, "82": 7.506172839506172, "83": 8.256218905472636, "84": 7.876373626373627, "85": 7.967391304347826, "86": 8.04739336492891, "87": 8.300578034682081, "88": 8.12621359223301, "89": 8.292134831460674, "90": 8.829032258064515, "91": 8.5, "92": 8.085889570552148, "93": 9.041958041958042, "94": 8.480392156862745, "95": 7.317829457364341, "96": 8.732558139534884, "97": 7.619318181818182}, "p2": {"7": 10.24712643678161, "8": 12.667741935483871, "9": 14.78125, "10": 15.074712643678161, "11": 14.611940298507463, "12": 15.54356846473029, "13": 17.23076923076923, "14": 17.105042016806724, "15": 17.688541666666666, "16": 16.992518703241895, "17": 17.174937965260547, "18": 17.48961038961039, "19": 18.036193029490615, "20": 19.278901734104046, "21": 18.005449591280655, "22": 18.705357142857142, "23": 18.65106951871658, "24": 18.921270718232044, "25": 18.518564356435643, "26": 18.385390428211586, "27": 19.01095890410959, "28": 18.10375, "29": 19.24375, "30": 18.64446952595937, "31": 19.219483568075116, "32": 18.62727272727273, "33": 18.28917050691244, "34": 17.28018223234624, "35": 18.123115577889447, "36": 17.904884318766065, "37": 17.568407960199004, "38": 18.483425414364643, "39": 18.936046511627907, "40": 18.679411764705883, "41": 18.39830508474576, "42": 19.17878787878788, "43": 18.687319884726225, "44": 18.936950146627566, "45": 18.0497311827957, "46": 18.815573770491802, "47": 18.95125348189415, "48": 18.961928934010153, "49": 18.02185792349727, "50": 18.302056555269925, "51": 19.129198966408268, "52": 18.44486215538847, "53": 18.38972431077694, "54": 18.027131782945737, "55": 18.106516290726816, "56": 18.63307493540052, "57": 18.523287671232875, "58": 18.689855072463768, "59": 18.514084507042252, "60": 19.240896358543417, "61": 18.516172506738545, "62": 18.7972972972973, "63": 19.002849002849004, "64": 18.798780487804876, "65": 18.137228260869566, "66": 17.782552083333332, "67": 19.18413597733711, "68": 18.54211956521739, "69": 17.573924731182796, "70": 18.865994236311238, "71": 18.833333333333332, "72": 18.62205882352941, "73": 18.179710144927537, "74": 18.153030303030302, "75": 18.53611111111111, "76": 19.190828402366865, "77": 18.856304985337243, "78": 17.932394366197183, "79": 18.516467065868262, "80": 18.85610465116279, "81": 18.53361344537815, "82": 17.63421052631579, "83": 18.344686648501362, "84": 18.26657824933687, "85": 17.810880829015545, "86": 18.583769633507853, "87": 18.456873315363882, "88": 17.605670103092784, "89": 18.488431876606683, "90": 18.483870967741936, "91": 18.557971014492754, "92": 18.523035230352303, "93": 19.017341040462426, "94": 18.637462235649547, "95": 19.469026548672566, "96": 18.513313609467456, "97": 17.810344827586206, "98": 18.97685185185185, "99": 17.494318181818183}}