{"p0": {"1": 1.3448275862068966, "2": 1.348441926345609, "3": 1.4015544041450778, "4": 1.4945054945054945, "5": 1.5318091451292246, "6": 1.484375, "7": 1.5516528925619835, "8": 1.6551059730250481, "9": 1.6199294532627866, "10": 1.6220614828209765, "11": 1.6637630662020906, "12": 1.6287375415282392, "13": 1.7119741100323624, "14": 1.7865853658536586, "15": 1.8830548926014319, "16": 2.0822510822510822, "17": 2.092896174863388, "18": 2.215547703180212, "19": 2.193950177935943, "20": 2.2208835341365463, "21": 2.1504329004329006, "22": 2.1515513126491648, "23": 2.2214285714285715, "24": 2.1525229357798166, "25": 2.117505995203837, "26": 2.1686046511627906, "27": 2.1823394495412844, "28": 2.0315217391304348, "29": 2.1939461883408073, "30": 2.2587336244541483, "31": 2.005938242280285, "32": 2.0211416490486256, "33": 2.1092184368737477, "34": 2.0356435643564357, "35": 2.1119565217391303, "36": 2.1117136659436007, "37": 2.111320754716981, "38": 2.1912393162393164, "39": 2.2861635220125787, "40": 2.3092783505154637, "41": 2.218220338983051, "42": 2.3085539714867616, "43": 2.163265306122449, "44": 2.372685185185185, "45": 2.394396551724138, "46": 2.2670682730923697, "47": 2.117456896551724, "48": 1.9630801687763713, "49": 2.161862527716186, "50": 2.0578034682080926, "51": 2.112756264236902, "52": 2.249482401656315, "53": 2.1220556745182013, "54": 2.0530451866404715, "55": 2.217948717948718, "56": 2.182417582417582, "57": 2.2367303609341826, "58": 2.1666666666666665, "59": 2.304740406320542, "60": 2.2336842105263157, "61": 2.1845360824742266, "62": 2.203157894736842, "63": 2.3106694560669454, "64": 2.2335456475583864, "65": 2.247835497835498, "66": 2.1869658119658117, "67": 2.167832167832168, "68": 2.10990099009901, "69": 2.2414187643020593, "70": 2.202672605790646, "71": 2.2054945054945057, "72": 2.1929046563192904, "73": 2.146265560165975, "74": 2.064159292035398, "75": 2.2587336244541483, "76": 2.278781038374718, "77": 2.211283185840708, "78": 2.2186878727634194, "79": 2.3067484662576687, "80": 2.147727272727273, "81": 2.2804878048780486, "82": 2.1655913978494623, "83": 2.151111111111111, "84": 2.166294642857143, "85": 2.1714285714285713, "86": 2.2595505617977527, "87": 2.3446601941747574, "88": 2.1636363636363636, "89": 2.1314655172413794, "90": 2.205607476635514, "91": 2.2802874743326487, "92": 2.2383292383292384, "93": 2.3509615384615383, "94": 2.282493368700265, "95": 2.3176638176638176, "96": 2.486880466472303, "97": 2.314625850340136}, "p1": {"6": 12.389240506329115, "7": 11.414342629482071, "8": 11.474729241877256, "9": 10.804, "10": 11.591872791519435, "11": 10.701754385964913, "12": 10.523333333333333, "13": 11.760542168674698, "14": 11.1075, "15": 11.054098360655738, "16": 9.54513888888889, "17": 9.562650602409638, "18": 9.911347517730496, "19": 10.221445221445222, "20": 10.396396396396396, "21": 10.033259423503326, "22": 10.994413407821229, "23": 10.863095238095237, "24": 11.680921052631579, "25": 10.650306748466258, "26": 11.012383900928793, "27": 11.13527397260274, "28": 11.247404844290658, "29": 11.124584717607974, "30": 10.88599348534202, "31": 11.428308823529411, "32": 11.6890625, "33": 11.276566757493187, "34": 11.479761904761904, "35": 10.940715883668904, "36": 10.66905737704918, "37": 10.798642533936652, "38": 10.615468409586057, "39": 11.248768472906404, "40": 10.773560209424083, "41": 10.896508728179551, "42": 11.142857142857142, "43": 11.001285347043702, "44": 10.738903394255875, "45": 10.700255102040817, "46": 11.002840909090908, "47": 10.685333333333332, "48": 10.796089385474861, "49": 11.038356164383561, "50": 11.475852272727273, "51": 11.188607594936709, "52": 11.12531017369727, "53": 11.461439588688947, "54": 10.698952879581151, "55": 11.11923076923077, "56": 11.035539215686274, "57": 11.329145728643216, "58": 10.890274314214464, "59": 10.831695331695332, "60": 10.872093023255815, "61": 10.74748743718593, "62": 10.88888888888889, "63": 10.85093896713615, "64": 10.719638242894057, "65": 10.434508816120907, "66": 11.164733178654293, "67": 10.82587064676617, "68": 11.04289544235925, "69": 10.810773480662984, "70": 10.793785310734464, "71": 10.896694214876034, "72": 10.903409090909092, "73": 11.066298342541437, "74": 10.743589743589743, "75": 11.203208556149733, "76": 11.623376623376624, "77": 10.619736842105263, "78": 11.019607843137255, "79": 10.862533692722373, "80": 10.610576923076923, "81": 10.918793503480279, "82": 11.194513715710723, "83": 10.944578313253013, "84": 10.763565891472869, "85": 11.111528822055138, "86": 9.888095238095238, "87": 10.871794871794872, "88": 10.985013623978201, "89": 10.761904761904763, "90": 10.507672634271099, "91": 10.918732782369146, "92": 10.606267029972752, "93": 10.641689373297003, "94": 10.946629213483146, "95": 10.904825737265416, "96": 10.89095744680851, "97": 10.540055248618785, "98": 10.316993464052288, "99": 9.622727272727273}}