{"p0": {"4": 1.3085714285714285, "5": 1.3022388059701493, "6": 1.3041958041958042, "7": 1.2983193277310925, "8": 1.276978417266187, "9": 1.3035714285714286, "10": 1.2972972972972974, "11": 1.281437125748503, "12": 1.3053097345132743, "13": 1.2936893203883495, "14": 1.2688172043010753, "15": 1.272108843537415, "16": 1.3389261744966443, "17": 1.3529411764705883, "18": 1.3489583333333333, "19": 1.3194444444444444, "20": 1.3181818181818181, "21": 1.3125, "22": 1.3509615384615385, "23": 1.2658730158730158, "24": 1.3103448275862069, "25": 1.3, "26": 1.288659793814433, "27": 1.341121495327103, "28": 1.331858407079646, "29": 1.3173076923076923, "30": 1.3, "31": 1.3064516129032258, "32": 1.2908163265306123, "33": 1.2972972972972974, "34": 1.3457943925233644, "35": 1.2708333333333333, "36": 1.2824074074074074, "37": 1.2628865979381443, "38": 1.2311320754716981, "39": 1.2899159663865547, "40": 1.2843137254901962, "41": 1.3010752688172043, "42": 1.2901785714285714, "43": 1.2575757575757576, "44": 1.2619047619047619, "45": 1.2254901960784315, "46": 1.3034188034188035, "47": 1.4069767441860466, "48": 1.3310810810810811, "49": 1.3354430379746836, "50": 1.3246753246753247, "51": 1.25, "52": 1.359375, "53": 1.336734693877551, "54": 1.3388888888888888, "55": 1.297029702970297, "56": 1.3333333333333333, "57": 1.335, "58": 1.28099173553719, "59": 1.3, "60": 1.290909090909091, "61": 1.3452380952380953, "62": 1.3055555555555556, "63": 1.3333333333333333, "64": 1.2701149425287357, "65": 1.2840909090909092, "66": 1.2956989247311828, "67": 1.2882352941176471, "68": 1.3218390804597702, "69": 1.3047619047619048, "70": 1.2087912087912087, "71": 1.2564102564102564, "72": 1.2712765957446808, "73": 1.2857142857142858, "74": 1.308139534883721, "75": 1.3365384615384615, "76": 1.3944444444444444, "77": 1.3137254901960784, "78": 1.3043478260869565, "79": 1.2903225806451613, "80": 1.3365384615384615, "81": 1.3232323232323233, "82": 1.2463768115942029, "83": 1.297029702970297, "84": 1.314102564102564, "85": 1.2771084337349397, "86": 1.2921348314606742, "87": 1.344155844155844, "88": 1.289855072463768, "89": 1.3203125, "90": 1.2530120481927711, "91": 1.3150684931506849, "92": 1.353448275862069, "93": 1.1666666666666667}, "p1": {"6": 5.208661417322834, "7": 5.338541666666667, "8": 5.252427184466019, "9": 5.336842105263158, "10": 5.0590909090909095, "11": 5.1570247933884295, "12": 5.248344370860927, "13": 5.091954022988506, "14": 5.089473684210526, "15": 5.12962962962963, "16": 4.9728260869565215, "17": 5.067741935483871, "18": 5.046099290780142, "19": 5.540404040404041, "20": 5.5, "21": 5.584905660377358, "22": 5.8173076923076925, "23": 5.404761904761905, "24": 5.334782608695652, "25": 5.3657407407407405, "26": 5.603960396039604, "27": 5.372727272727273, "28": 5.242574257425742, "29": 5.586734693877551, "30": 5.23404255319149, "31": 5.228260869565218, "32": 5.386904761904762, "33": 5.723529411764706, "34": 5.567901234567901, "35": 5.588888888888889, "36": 5.595238095238095, "37": 5.350467289719626, "38": 5.225806451612903, "39": 5.418367346938775, "40": 5.413265306122449, "41": 5.285714285714286, "42": 5.591836734693878, "43": 5.424731182795699, "44": 5.427083333333333, "45": 5.290816326530612, "46": 5.295918367346939, "47": 5.322727272727272, "48": 5.207920792079208, "49": 5.716666666666667, "50": 5.617283950617284, "51": 5.262195121951219, "52": 5.357142857142857, "53": 5.3273809523809526, "54": 5.344660194174757, "55": 5.341346153846154, "56": 5.127659574468085, "57": 5.166666666666667, "58": 5.1020408163265305, "59": 5.302884615384615, "60": 5.4245283018867925, "61": 5.338383838383838, "62": 5.52808988764045, "63": 5.324468085106383, "64": 5.767676767676767, "65": 5.485148514851486, "66": 5.189320388349515, "67": 5.1208791208791204, "68": 5.230769230769231, "69": 5.137931034482759, "70": 5.515463917525773, "71": 5.235294117647059, "72": 5.532051282051282, "73": 5.405882352941177, "74": 5.406593406593407, "75": 5.532967032967033, "76": 5.49468085106383, "77": 5.254716981132075, "78": 5.111111111111111, "79": 5.883333333333334, "80": 5.398809523809524, "81": 5.661616161616162, "82": 5.627659574468085, "83": 5.586956521739131, "84": 5.391566265060241, "85": 5.192771084337349, "86": 5.3133333333333335, "87": 5.440298507462686, "88": 5.358974358974359, "89": 5.2, "90": 5.55, "91": 5.5, "92": 5.385135135135135, "93": 5.234848484848484, "94": 5.375, "95": 5.065217391304348}, "p2": {"7": 8.475806451612904, "8": 8.939024390243903, "9": 9.124137931034483, "10": 9.345070422535212, "11": 8.994505494505495, "12": 8.977272727272727, "13": 9.358803986710964, "14": 9.850515463917526, "15": 10.478260869565217, "16": 11.417218543046358, "17": 11.506802721088436, "18": 12.508849557522124, "19": 14.46551724137931, "20": 13.464285714285714, "21": 13.392857142857142, "22": 13.96551724137931, "23": 14.63089005235602, "24": 15.552777777777777, "25": 13.796610169491526, "26": 13.51082251082251, "27": 13.086206896551724, "28": 12.475, "29": 12.997747747747749, "30": 13.141666666666667, "31": 12.718120805369127, "32": 12.85031847133758, "33": 13.34, "34": 13.586614173228346, "35": 13.781746031746032, "36": 14.555944055944057, "37": 14.419117647058824, "38": 14.884868421052632, "39": 13.632911392405063, "40": 15.437931034482759, "41": 14.010714285714286, "42": 13.334224598930481, "43": 13.401898734177216, "44": 13.672619047619047, "45": 13.57643312101911, "46": 13.599447513812155, "47": 12.886627906976743, "48": 13.732919254658386, "49": 13.104294478527608, "50": 13.317241379310344, "51": 12.901785714285714, "52": 15.118055555555555, "53": 14.417266187050359, "54": 13.238970588235293, "55": 13.13448275862069, "56": 13.371794871794872, "57": 13.225694444444445, "58": 13.455357142857142, "59": 12.846875, "60": 12.638235294117647, "61": 14.113333333333333, "62": 13.92090395480226, "63": 13.173758865248226, "64": 13.66326530612245, "65": 13.431034482758621, "66": 14.45906432748538, "67": 15.202380952380953, "68": 13.904907975460123, "69": 13.69, "70": 12.858620689655172, "71": 14.03623188405797, "72": 14.0, "73": 14.23263888888889, "74": 13.891975308641975, "75": 13.156626506024097, "76": 13.422297297297296, "77": 12.84472049689441, "78": 13.562091503267974, "79": 13.567251461988304, "80": 13.811643835616438, "81": 13.61744966442953, "82": 14.574324324324325, "83": 13.323353293413174, "84": 13.097222222222221, "85": 13.256613756613756, "86": 13.724264705882353, "87": 14.44055944055944, "88": 12.919014084507042, "89": 12.990196078431373, "90": 13.58041958041958, "91": 13.119047619047619, "92": 13.916058394160585, "93": 12.364661654135338, "94": 13.528571428571428, "95": 15.208333333333334, "96": 12.269607843137255, "97": 13.766666666666667}, "p3": {"7": 13.676991150442477, "8": 17.645502645502646, "9": 18.945273631840795, "10": 21.3, "11": 21.81578947368421, "12": 22.535, "13": 23.79539295392954, "14": 25.400212314225055, "15": 24.004680187207487, "16": 23.27027027027027, "17": 23.39513108614232, "18": 24.589668615984404, "19": 25.353896103896105, "20": 25.425324675324674, "21": 25.044372294372295, "22": 24.885093167701864, "23": 25.24465811965812, "24": 25.307256235827666, "25": 25.380733944954127, "26": 24.636465324384787, "27": 24.88401559454191, "28": 25.817805383022776, "29": 24.728846153846153, "30": 25.0748031496063, "31": 25.19322344322344, "32": 25.09776536312849, "33": 24.599452554744527, "34": 24.325426944971536, "35": 26.03006012024048, "36": 24.46406570841889, "37": 24.115853658536587, "38": 23.396842105263158, "39": 24.87858719646799, "40": 25.10609756097561, "41": 25.113849765258216, "42": 25.28440366972477, "43": 25.251225490196077, "44": 26.252336448598133, "45": 25.38348416289593, "46": 25.10483870967742, "47": 24.266393442622952, "48": 23.923076923076923, "49": 24.956842105263156, "50": 24.31095041322314, "51": 25.271788990825687, "52": 24.88621444201313, "53": 25.88836104513064, "54": 23.507608695652173, "55": 24.86137440758294, "56": 23.996314496314497, "57": 25.53846153846154,