{"p0": {"4": 1.3181818181818181, "5": 1.3115942028985508, "6": 1.2816091954022988, "7": 1.3125, "8": 1.359375, "9": 1.29, "10": 1.3046875, "11": 1.271604938271605, "12": 1.3106060606060606, "13": 1.359375, "14": 1.32, "15": 1.3214285714285714, "16": 1.325, "17": 1.2941176470588236, "18": 1.2758620689655173, "19": 1.2380952380952381, "20": 1.35, "21": 1.255813953488372, "22": 1.1875, "23": 1.359375, "24": 1.2575757575757576, "25": 1.3548387096774193, "26": 1.296875, "27": 1.338235294117647, "28": 1.3225806451612903, "29": 1.2586206896551724, "30": 1.3333333333333333, "31": 1.1875, "32": 1.1724137931034482, "33": 1.2, "34": 1.2333333333333334, "35": 1.3, "36": 1.3, "37": 1.2777777777777777, "38": 1.3804347826086956, "39": 1.337837837837838, "40": 1.3409090909090908, "41": 1.2857142857142858, "42": 1.3026315789473684, "43": 1.25, "44": 1.2916666666666667, "45": 1.2413793103448276, "46": 1.3166666666666667, "47": 1.3181818181818181, "48": 1.2962962962962963, "49": 1.2777777777777777, "50": 1.2678571428571428, "51": 1.22, "52": 1.28125, "53": 1.2916666666666667, "54": 1.2333333333333334, "55": 1.2962962962962963, "56": 1.265625, "57": 1.2391304347826086, "58": 1.2291666666666667, "59": 1.2647058823529411, "60": 1.328125, "61": 1.338235294117647, "62": 1.2592592592592593, "63": 1.1956521739130435, "64": 1.21875, "65": 1.2714285714285714, "66": 1.25, "67": 1.2903225806451613, "68": 1.25, "69": 1.375, "70": 1.1818181818181819, "71": 1.3870967741935485, "72": 1.2222222222222223, "73": 1.2592592592592593, "74": 1.380952380952381, "75": 1.2608695652173914, "76": 1.2407407407407407, "77": 1.3, "78": 1.108695652173913, "79": 1.28125, "80": 1.28125, "81": 1.26, "82": 1.34, "83": 1.28, "84": 1.2727272727272727, "85": 1.26, "86": 1.1875, "87": 1.2173913043478262, "88": 1.2592592592592593, "89": 1.338235294117647, "90": 1.2352941176470589, "91": 1.1666666666666667}, "p1": {"6": 5.115384615384615, "7": 5.01063829787234, "8": 4.9298245614035086, "9": 5.2, "10": 5.1, "11": 5.078947368421052, "12": 4.916666666666667, "13": 4.933333333333334, "14": 5.283018867924528, "15": 4.87719298245614, "16": 5.122222222222222, "17": 4.984848484848484, "18": 5.333333333333333, "19": 5.172413793103448, "20": 5.086206896551724, "21": 5.125, "22": 4.914285714285715, "23": 5.024390243902439, "24": 5.202702702702703, "25": 5.1875, "26": 5.018518518518518, "27": 5.015151515151516, "28": 4.9655172413793105, "29": 5.140625, "30": 5.222222222222222, "31": 5.0576923076923075, "32": 5.232142857142857, "33": 4.934782608695652, "34": 5.0, "35": 4.863636363636363, "36": 5.0, "37": 4.857142857142857, "38": 4.953125, "39": 4.9, "40": 4.966666666666667, "41": 4.961538461538462, "42": 5.173913043478261, "43": 4.867647058823529, "44": 4.879310344827586, "45": 5.333333333333333, "46": 5.2407407407407405, "47": 5.103448275862069, "48": 5.153846153846154, "49": 4.944444444444445, "50": 5.310344827586207, "51": 5.048387096774194, "52": 5.203703703703703, "53": 4.967741935483871, "54": 4.982142857142857, "55": 5.142857142857143, "56": 5.28, "57": 5.296875, "58": 5.17948717948718, "59": 5.06, "60": 5.304347826086956, "61": 5.464285714285714, "62": 4.94, "63": 4.758620689655173, "64": 5.3, "65": 5.0, "66": 5.564516129032258, "67": 5.209677419354839, "68": 5.403846153846154, "69": 5.055555555555555, "70": 4.621212121212121, "71": 5.1571428571428575, "72": 4.648148148148148, "73": 5.016666666666667, "74": 4.734375, "75": 5.206896551724138, "76": 5.074074074074074, "77": 5.095238095238095, "78": 4.732142857142857, "79": 4.833333333333333, "80": 4.625, "81": 5.0, "82": 5.051724137931035, "83": 4.8076923076923075, "84": 5.206896551724138, "85": 4.896551724137931, "86": 5.363636363636363, "87": 5.125, "88": 4.907407407407407, "89": 4.704545454545454, "90": 5.1, "91": 5.0227272727272725, "92": 4.71875, "93": 5.25}, "p2": {"7": 9.058823529411764, "8": 8.96078431372549, "9": 8.72972972972973, "10": 8.753846153846155, "11": 8.857142857142858, "12": 8.741573033707866, "13": 8.715909090909092, "14": 8.488721804511279, "15": 8.858778625954198, "16": 8.908256880733944, "17": 8.674698795180722, "18": 9.614035087719298, "19": 9.814516129032258, "20": 10.116071428571429, "21": 9.405172413793103, "22": 9.913793103448276, "23": 9.974137931034482, "24": 9.227272727272727, "25": 9.682432432432432, "26": 9.151515151515152, "27": 8.957627118644067, "28": 9.125, "29": 9.816666666666666, "30": 9.8125, "31": 9.39423076923077, "32": 10.075471698113208, "33": 10.726415094339623, "34": 8.808510638297872, "35": 9.595744680851064, "36": 8.766666666666667, "37": 9.192857142857143, "38": 9.119402985074627, "39": 9.2, "40": 9.926229508196721, "41": 8.967213114754099, "42": 9.026315789473685, "43": 9.913461538461538, "44": 9.640625, "45": 9.455357142857142, "46": 9.377551020408163, "47": 9.084745762711865, "48": 9.694444444444445, "49": 9.543478260869565, "50": 9.681034482758621, "51": 9.45, "52": 10.73015873015873, "53": 9.586206896551724, "54": 9.305555555555555, "55": 9.681818181818182, "56": 9.731481481481481, "57": 9.210144927536232, "58": 9.087301587301587, "59": 9.155737704918034, "60": 9.026315789473685, "61": 9.098039215686274, "62": 10.159574468085106, "63": 9.770833333333334, "64": 9.224137931034482, "65": 9.112068965517242, "66": 8.916666666666666, "67": 9.296296296296296, "68": 9.084905660377359, "69": 10.087719298245615, "70": 8.85593220338983, "71": 8.71551724137931, "72": 8.89344262295082, "73": 8.76, "74": 9.258928571428571, "75": 9.1, "76": 9.15, "77": 9.610169491525424, "78": 8.821428571428571, "79": 8.701612903225806, "80": 9.02, "81": 8.291666666666666, "82": 8.858695652173912, "83": 8.86, "84": 9.116071428571429, "85": 8.872881355932204, "86": 9.602272727272727, "87": 9.598039215686274, "88": 9.278688524590164, "89": 9.677777777777777, "90": 9.133333333333333, "91": 9.755555555555556, "92": 9.476744186046512, "93": 9.355263157894736, "94": 9.283783783783784, "95": 9.88888888888889}, "p3": {"7": 11.327777777777778, "8": 12.03763440860215, "9": 12.44392523364486, "10": 12.24609375, "11": 12.231292517006803, "12": 12.206896551724139, "13": 12.125541125541126, "14": 13.7420814479638, "15": 14.06640625, "16": 16.337719298245613, "17": 17.25, "18": 17.15, "19": 20.615606936416185, "20": 18.70294117647059, "21": 21.4017094017094, "22": 22.12589928057554, "23": 21.72222222222222, "24": 20.406040268456376, "25": 21.610714285714284, "26": 20.51098901098901, "27": 17.887096774193548, "28": 20.29605263157895, "29": 18.131756756756758, "30": 20.32450331125828, "31": 18.0, "32": 19.522321428571427, "33": 20.052845528455286, "34": 19.76, "35": 20.516393442622952, "36": 20.395, "37": 17.71875, "38": 20.221374045801525, "39": 18.813868613138688, "40": 19.12313432835821, "41": 19.37037037037037, "42": 19.737903225806452, "43": 19.795620437956206, "44": 19.503875968992247, "45": 21.661971830985916, "46": 18.772058823529413, "47": 19.41592920353982, "48": 19.153508771929825, "49": 19.182926829268293, "50": 19.528985507246375, "51": 19.142857142857142, "52": 20.0234375, "53": 18.712264150943398, "54": 21.174418604651162, "55": 20.491803278688526, "56": 21.10820895522388, "57": 19.99019607843137, "58": 18.78676470588235, "59": 21.32846715328467, "60": 18.80859375, "61": 19.492424242424242, "62": 19.89344262295082, "63": 22.142857142857142, "64": 20.61111111111111, "65": 19.246031746031747, "66": 20.321428571428573, "67": 18.348214285714285, "68": 18.892857142857142, "69": 18.094827586206897, "70": 18.417391304347827, "71": 18.674193548387098, "72": 19.54724409448819, "73": 18.438053097345133, "74": 19.702479338842974, "75": 20.689814814814813, "76": 19.51865671641791, "77": 19.853658536585368, "78": 18.708695652173912, "79": 18.983471074380166, "80": 19.039473684210527, "81": 19.0, "82": 18.03181818181818, "83": 19.09313725490196, "84": 19.1328125, "85": 17.864754098360656, "86": 18.80672268907563, "87": 19.406976744186046, "88": 18.129464285714285, "89": 20.486842105263158, "90": 21.866666666666667, "91": 22.64351851851852,